A0A009I3Y5	sp|W7JX98|KGP_PLAFO	36.782	48.5	1.45e-06
A0A009I3Y5	sp|P9WI79|PKND_MYCTU	38.961	47.8	2.65e-06
A0A009I3Y5	sp|P54744|PKNB_MYCLE	33.333	46.6	5.91e-06
A0A009I3Y5	sp|P41719|PK1_NPVHZ	34.177	45.8	8.48e-06
A0A009I3Y5	sp|O10269|PK1_NPVOP	34.118	45.4	9.63e-06
A0A009I3Y5	sp|P33973|PKN1_MYXXA	32.584	45.4	1.65e-05
A0A009I3Y5	sp|P22612|KAPCG_HUMAN	31.206	45.1	1.72e-05
A0A009I3Y5	sp|P49139|MAPK2_RABIT	23.490	45.1	1.80e-05
A0A009I3Y5	sp|A5TY84|PKNB_MYCTA	34.146	44.3	3.38e-05
A0A009I3Y5	sp|Q7TSC3|NEK5_MOUSE	24.277	43.5	6.24e-05
A0A009I3Y5	sp|P57993|PKNG_MYCLE	31.868	43.5	7.38e-05
A0A009I3Y5	sp|Q1DB00|MASK_MYXXD	26.891	43.1	8.11e-05
A0A009I3Y5	sp|Q2QYY8|PHT1A_ORYSJ	31.429	43.1	8.65e-05
A0A009I3Y5	sp|O15075|DCLK1_HUMAN	29.870	42.7	1.23e-04
A0A009I3Y5	sp|B0BBT2|PKND_CHLTB	50.000	42.0	2.13e-04
A0A009I3Y5	sp|Q13237|KGP2_HUMAN	35.443	42.0	2.22e-04
A0A009I3Y5	sp|Q5Q0U5|SGK1_FUNHE	31.343	41.2	3.08e-04
A0A009I3Y5	sp|Q6TJY3|KS6B1_BOVIN	23.394	41.2	4.05e-04
A0A009I3Y5	sp|P67999|KS6B1_RAT	23.394	40.8	4.39e-04
A0A009I3Y5	sp|P27791|KAPCA_RAT	29.577	40.4	5.03e-04
A0A009I3Y5	sp|Q2PAY2|ROP18_TOXGO	28.662	40.8	5.10e-04
A0A009I3Y5	sp|Q9Z2B9|KS6A4_MOUSE	33.333	40.8	6.00e-04
A0A009I3Y5	sp|P31938|MP2K1_MOUSE	26.772	40.4	6.06e-04
A0A009I3Y5	sp|Q9URT9|GSK31_SCHPO	26.994	40.4	6.32e-04
A0A009I3Y5	sp|P9WI82|PKNA_MYCTO	28.571	40.4	6.50e-04
A0A009I3Y5	sp|Q6PGN3|DCLK2_MOUSE	30.000	40.4	6.66e-04
A0A009I3Y5	sp|Q43531|CCAMK_LILLO	31.765	40.0	7.90e-04
A0A009I3Y5	sp|Q5R4K9|KPCI_PONAB	25.714	40.0	8.64e-04
A0A009I3Y5	sp|Q9SJ61|CDPKP_ARATH	28.421	40.0	8.66e-04
A0A009I3Y5	sp|Q60806|PLK3_MOUSE	27.007	39.7	0.001
A0A009I3Y5	sp|Q91821|MELK_XENLA	27.679	39.7	0.001
A0A009I3Y5	sp|Q91618|PMYT1_XENLA	30.769	39.7	0.001
A0A009I3Y5	sp|P50488|DAF4_CAEEL	30.233	39.3	0.001
A0A009I3Y5	sp|Q84SL0|CDPKK_ORYSJ	29.213	39.3	0.002
A0A009I3Y5	sp|Q8W4I7|CDPKD_ARATH	31.395	39.3	0.002
A0A009I3Y5	sp|Q9FX86|CAMK8_ARATH	27.273	39.3	0.002
A0A009I3Y5	sp|Q9Z1J2|NEK4_MOUSE	25.294	38.9	0.003
A0A009I3Y5	sp|C0LGD7|Y1684_ARATH	32.927	38.5	0.003
A0A009I3Y5	sp|Q16644|MAPK3_HUMAN	23.649	38.5	0.003
A0A009I3Y5	sp|P24362|KRB2_VACCW	26.829	38.1	0.003
A0A009I3Y5	sp|Q8ICR0|CDPK2_PLAF7	30.488	38.1	0.004
A0A009I3Y5	sp|Q8GZ99|HPCA1_ARATH	33.708	38.1	0.004
A0A009I3Y5	sp|Q9WTQ1|KPCD1_RAT	30.769	38.1	0.004
A0A009I3Y5	sp|Q9LT35|NEK6_ARATH	31.579	37.7	0.004
A0A009I3Y5	sp|P34102|PK3_DICDI	44.118	38.1	0.004
A0A009I3Y5	sp|P36506|MP2K2_RAT	30.435	37.7	0.005
A0A009I3Y5	sp|Q15835|GRK1_HUMAN	44.118	37.4	0.007
A0A009I3Y5	sp|C0LGU1|Y5374_ARATH	33.735	37.0	0.009
A0A009I3Y5	sp|Q60823|AKT2_MOUSE	28.571	36.6	0.011
A0A009I3Y5	sp|Q55CE0|MKCF_DICDI	31.481	36.6	0.011
A0A009PCK4	sp|W7JX98|KGP_PLAFO	36.782	49.3	7.89e-07
A0A009PCK4	sp|P9WI79|PKND_MYCTU	38.961	47.8	2.51e-06
A0A009PCK4	sp|P54744|PKNB_MYCLE	33.333	47.0	4.65e-06
A0A009PCK4	sp|P49139|MAPK2_RABIT	24.161	46.6	4.96e-06
A0A009PCK4	sp|P41719|PK1_NPVHZ	34.177	45.8	6.98e-06
A0A009PCK4	sp|O10269|PK1_NPVOP	34.118	45.4	9.11e-06
A0A009PCK4	sp|P33973|PKN1_MYXXA	32.584	45.4	1.65e-05
A0A009PCK4	sp|P57993|PKNG_MYCLE	27.941	44.7	2.58e-05
A0A009PCK4	sp|A5TY84|PKNB_MYCTA	34.146	44.7	2.66e-05
A0A009PCK4	sp|P22612|KAPCG_HUMAN	31.579	44.3	2.80e-05
A0A009PCK4	sp|P27791|KAPCA_RAT	30.282	42.7	8.98e-05
A0A009PCK4	sp|Q1DB00|MASK_MYXXD	29.630	42.7	1.04e-04
A0A009PCK4	sp|O15075|DCLK1_HUMAN	29.870	42.7	1.21e-04
A0A009PCK4	sp|Q2QYY8|PHT1A_ORYSJ	31.429	42.7	1.32e-04
A0A009PCK4	sp|Q7TSC3|NEK5_MOUSE	25.000	42.4	1.42e-04
A0A009PCK4	sp|B0BBT2|PKND_CHLTB	32.979	42.4	1.86e-04
A0A009PCK4	sp|Q5Q0U5|SGK1_FUNHE	31.343	42.0	2.08e-04
A0A009PCK4	sp|Q13237|KGP2_HUMAN	35.443	42.0	2.14e-04
A0A009PCK4	sp|Q5R4K9|KPCI_PONAB	26.667	42.0	2.33e-04
A0A009PCK4	sp|Q6TJY3|KS6B1_BOVIN	23.182	41.2	3.60e-04
A0A009PCK4	sp|P67999|KS6B1_RAT	23.182	41.2	3.86e-04
A0A009PCK4	sp|Q9Z2B9|KS6A4_MOUSE	34.188	41.2	4.40e-04
A0A009PCK4	sp|Q2PAY2|ROP18_TOXGO	28.025	40.8	5.64e-04
A0A009PCK4	sp|Q9SJ61|CDPKP_ARATH	28.421	40.4	6.36e-04
A0A009PCK4	sp|Q6PGN3|DCLK2_MOUSE	30.000	40.4	6.66e-04
A0A009PCK4	sp|Q9URT9|GSK31_SCHPO	26.994	40.4	6.73e-04
A0A009PCK4	sp|Q43531|CCAMK_LILLO	31.765	40.4	6.77e-04
A0A009PCK4	sp|Q16644|MAPK3_HUMAN	24.324	40.0	6.99e-04
A0A009PCK4	sp|P9WI82|PKNA_MYCTO	28.571	40.0	7.25e-04
A0A009PCK4	sp|P31938|MP2K1_MOUSE	30.208	39.3	0.001
A0A009PCK4	sp|P50488|DAF4_CAEEL	30.233	39.3	0.002
A0A009PCK4	sp|Q91821|MELK_XENLA	27.679	39.3	0.002
A0A009PCK4	sp|Q8GZ99|HPCA1_ARATH	34.694	39.3	0.002
A0A009PCK4	sp|Q9FX86|CAMK8_ARATH	27.273	38.9	0.002
A0A009PCK4	sp|C0LGD7|Y1684_ARATH	32.927	38.9	0.002
A0A009PCK4	sp|P36506|MP2K2_RAT	30.435	38.5	0.002
A0A009PCK4	sp|Q60806|PLK3_MOUSE	26.277	38.5	0.003
A0A009PCK4	sp|Q9Z1J2|NEK4_MOUSE	25.294	38.5	0.003
A0A009PCK4	sp|Q9WVS7|MP2K5_MOUSE	33.333	38.1	0.003
A0A009PCK4	sp|P24362|KRB2_VACCW	27.049	38.1	0.003
A0A009PCK4	sp|Q91618|PMYT1_XENLA	30.000	38.1	0.003
A0A009PCK4	sp|Q8ICR0|CDPK2_PLAF7	30.488	38.1	0.004
A0A009PCK4	sp|Q9LT35|NEK6_ARATH	31.579	37.7	0.004
A0A009PCK4	sp|P34102|PK3_DICDI	44.118	38.1	0.004
A0A009PCK4	sp|Q9WTQ1|KPCD1_RAT	30.769	37.7	0.005
A0A009PCK4	sp|A0A1D6E0S8|WAK17_MAIZE	27.972	37.7	0.006
A0A009PCK4	sp|Q15835|GRK1_HUMAN	28.571	37.4	0.007
A0A009PCK4	sp|Q84SL0|CDPKK_ORYSJ	31.169	37.0	0.008
A0A009PCK4	sp|C0LGU1|Y5374_ARATH	33.735	37.0	0.009
A0A009PCK4	sp|Q55CE0|MKCF_DICDI	31.481	37.0	0.010
A0A001	sp|Q2YU20|Y1799_STAAB	27.831	168	3.61e-45
A0A001	sp|O07550|YHEI_BACSU	27.160	145	5.29e-37
A0A001	sp|Q8P8W4|MSBA_XANCP	36.100	134	3.05e-33
A0A001	sp|P0C087|LKB14_MANHA	24.869	133	1.46e-32
A0A001	sp|Q9RCG7|PAXB_PASAE	25.391	132	3.51e-32
A0A001	sp|Q0WML0|AB27B_ARATH	36.598	125	2.76e-30
A0A001	sp|P40416|ATM1_YEAST	37.321	123	1.96e-29
A0A001	sp|Q5X498|MSBA_LEGPA	29.787	123	2.01e-29
A0A001	sp|Q4FS42|MSBA_PSYA2	30.932	123	2.19e-29
A0A001	sp|Q10418|MESD_LEUME	25.758	122	7.66e-29
A0A001	sp|Q02592|HMT1_SCHPO	25.047	119	4.51e-28
A0A001	sp|Q5PGH0|MSBA_SALPA	31.535	116	3.51e-27
A0A001	sp|Q2NUA5|MSBA_SODGM	32.231	114	9.79e-27
A0A001	sp|Q2LVL0|MSBA_SYNAS	33.641	114	1.17e-26
A0A001	sp|Q83LP0|MSBA_SHIFL	30.705	113	3.20e-26
A0A001	sp|P59653|COMA_STRR6	23.667	110	3.58e-25
A0A001	sp|Q5E0F2|MSBA_ALIF1	31.120	108	1.54e-24
A0A001	sp|Q9NP58|ABCB6_HUMAN	27.596	107	4.13e-24
A0A001	sp|Q9WYC4|Y288_THEMA	21.673	106	6.33e-24
A0A001	sp|P44407|MSBA_HAEIN	30.126	105	8.16e-24
A0A001	sp|O70595|ABCB6_RAT	27.536	106	1.17e-23
A0A001	sp|Q5B1Q2|ATM1_EMENI	32.039	105	1.37e-23
A0A001	sp|Q03727|COMA_STRPN	23.241	104	2.78e-23
A0A001	sp|Q03024|APRD_PSEAE	38.462	102	9.62e-23
A0A001	sp|Q89A96|MDLB_BUCBP	20.936	100	2.91e-22
A0A001	sp|P23886|CYDC_ECOLI	32.143	99.8	7.21e-22
A0A001	sp|Q2A1U9|MSBA_FRATH	30.693	99.4	1.03e-21
A0A001	sp|Q28433|TAP1_GORGO	28.736	97.4	5.87e-21
A0A001	sp|P54719|YFIC_BACSU	32.461	95.5	1.77e-20
A0A001	sp|P57551|MDLA_BUCAI	23.301	94.4	3.93e-20
A0A001	sp|Q13BH6|NDVA_RHOPS	26.376	94.4	4.37e-20
A0A001	sp|P9WQJ3|FATRP_MYCTU	25.309	92.8	1.29e-19
A0A001	sp|P45082|CYDD_HAEIN	32.653	92.4	1.74e-19
A0A001	sp|Q8LPQ6|AB28B_ARATH	32.857	91.7	4.27e-19
A0A001	sp|Q20Z38|NDVA_RHOPB	23.539	89.0	2.40e-18
A0A001	sp|Q04EY4|ECFA3_OENOB	27.966	84.3	8.53e-18
A0A001	sp|Q88YK7|PSTB2_LACPL	30.380	83.6	8.78e-18
A0A001	sp|Q66D71|MODC_YERPS	37.681	84.7	1.29e-17
A0A001	sp|Q8R7Y5|ECFA2_CALS4	28.326	83.2	2.23e-17
A0A001	sp|Q5HIL5|METN1_STAAC	31.651	83.2	4.15e-17
A0A001	sp|Q1J982|ECFA1_STRPB	31.841	82.0	4.58e-17
A0A001	sp|Q8NY21|METN1_STAAW	31.651	83.2	4.59e-17
A0A001	sp|P44785|METN_HAEIN	32.906	82.8	5.35e-17
A0A001	sp|Q5X9B5|ECFA1_STRP6	31.343	81.6	5.57e-17
A0A001	sp|Q1JJC9|ECFA1_STRPC	31.343	81.6	5.78e-17
A0A001	sp|Q9FVV9|NAP5_ARATH	35.246	82.0	7.54e-17
A0A001	sp|P0AAH0|PSTB_ECOLI	30.833	80.5	8.71e-17
A0A001	sp|Q3JYF4|ECFA1_STRA1	30.660	80.9	1.05e-16
A0A001	sp|Q58418|PSTB_METJA	29.333	80.1	1.08e-16
A0A001	sp|Q8GNH6|NODI_RHIML	35.938	80.9	2.25e-16
A0A002	sp|Q9WYC4|Y288_THEMA	26.087	230	7.75e-68
A0A002	sp|P54719|YFIC_BACSU	25.229	214	7.41e-62
A0A002	sp|Q2YU20|Y1799_STAAB	25.953	212	3.02e-61
A0A002	sp|Q2LVL0|MSBA_SYNAS	25.627	201	4.62e-57
A0A002	sp|P9WQJ3|FATRP_MYCTU	27.743	197	2.39e-55
A0A002	sp|Q5PGH0|MSBA_SALPA	25.136	191	1.16e-53
A0A002	sp|Q2NUA5|MSBA_SODGM	26.182	191	1.30e-53
A0A002	sp|Q83LP0|MSBA_SHIFL	25.458	191	1.87e-53
A0A002	sp|P44407|MSBA_HAEIN	26.834	190	3.58e-53
A0A002	sp|P0C087|LKB14_MANHA	28.159	192	4.74e-53
A0A002	sp|Q9RCG7|PAXB_PASAE	28.391	190	2.37e-52
A0A002	sp|Q5E0F2|MSBA_ALIF1	25.911	184	7.85e-51
A0A002	sp|Q2A1U9|MSBA_FRATH	24.910	183	1.80e-50
A0A002	sp|Q5X498|MSBA_LEGPA	25.000	182	4.56e-50
A0A002	sp|O07550|YHEI_BACSU	25.941	181	6.70e-50
A0A002	sp|Q02592|HMT1_SCHPO	30.409	182	2.68e-49
A0A002	sp|P40416|ATM1_YEAST	26.170	181	4.36e-49
A0A002	sp|Q4FS42|MSBA_PSYA2	27.021	175	1.00e-47
A0A002	sp|Q20Z38|NDVA_RHOPB	28.288	169	1.27e-45
A0A002	sp|Q5B1Q2|ATM1_EMENI	26.250	171	2.26e-45
A0A002	sp|Q0WML0|AB27B_ARATH	25.767	168	7.18e-45
A0A002	sp|Q9NP58|ABCB6_HUMAN	31.561	169	1.45e-44
A0A002	sp|Q89A96|MDLB_BUCBP	20.670	161	1.24e-42
A0A002	sp|Q13BH6|NDVA_RHOPS	29.242	160	2.90e-42
A0A002	sp|Q8P8W4|MSBA_XANCP	27.778	159	6.60e-42
A0A002	sp|O70595|ABCB6_RAT	31.915	159	3.50e-41
A0A002	sp|P23886|CYDC_ECOLI	27.800	149	1.96e-38
A0A002	sp|Q28433|TAP1_GORGO	27.383	148	1.48e-37
A0A002	sp|Q10418|MESD_LEUME	24.820	147	2.53e-37
A0A002	sp|P59653|COMA_STRR6	23.363	146	4.58e-37
A0A002	sp|Q03727|COMA_STRPN	23.186	146	5.57e-37
A0A002	sp|Q8LPQ6|AB28B_ARATH	34.914	133	1.34e-32
A0A002	sp|P57551|MDLA_BUCAI	20.886	125	2.43e-30
A0A002	sp|P45082|CYDD_HAEIN	23.431	108	1.05e-24
A0A002	sp|Q8Y7R4|Y1207_LISMO	31.222	99.4	4.04e-23
A0A002	sp|Q03024|APRD_PSEAE	31.310	103	5.70e-23
A0A002	sp|Q49ZD9|ECFA2_STAS1	28.279	99.4	6.31e-23
A0A002	sp|Q04EY4|ECFA3_OENOB	29.218	98.2	1.39e-22
A0A002	sp|Q4ZV73|LOLD_PSEU2	35.371	94.7	6.69e-22
A0A002	sp|Q8Y454|ECFA1_LISMO	31.004	95.5	8.87e-22
A0A002	sp|Q71WH7|ECFA1_LISMF	31.441	95.5	1.10e-21
A0A002	sp|Q81IN8|METN2_BACCR	26.556	96.7	1.21e-21
A0A002	sp|Q5PFQ7|PHNT_SALPA	29.150	95.9	3.12e-21
A0A002	sp|Q8DQH4|FTSE_STRR6	28.767	92.4	3.94e-21
A0A002	sp|Q6GEL4|ECFA2_STAAR	27.917	94.0	4.25e-21
A0A002	sp|A0K5N5|METN1_BURCH	33.810	92.8	2.64e-20
A0A002	sp|P44785|METN_HAEIN	27.928	92.0	4.42e-20
A0A002	sp|Q8Z824|MACB_SALTI	29.482	94.0	5.69e-20
A0A002	sp|Q66CL2|MACB1_YERPS	30.380	94.0	6.01e-20
A0A002	sp|Q8R7Y5|ECFA2_CALS4	26.522	90.5	6.16e-20
A0A009HL96	sp|A0A0H2UQ68|WALR_STRPN	37.288	137	7.36e-40
A0A009HL96	sp|Q52990|PHOB_RHIME	36.957	137	9.88e-40
A0A009HL96	sp|G3XCY6|GLTR_PSEAE	33.476	133	5.67e-38
A0A009HL96	sp|P23620|PHOB_PSEAE	34.483	131	1.48e-37
A0A009HL96	sp|P0C000|ARLR_STAAM	35.135	126	1.39e-35
A0A009HL96	sp|Q2FH23|ARLR_STAA3	35.135	126	1.39e-35
A0A009HL96	sp|P45189|PHOB_HAEIN	34.188	125	2.64e-35
A0A009HL96	sp|P0AA17|OMPR_ECOL6	30.702	125	4.90e-35
A0A009HL96	sp|A0A0H3NGY1|OMPR_SALTS	30.702	125	4.90e-35
A0A009HL96	sp|P28257|YCF27_GALSU	32.751	124	1.53e-34
A0A009HL96	sp|Q9I0I1|CARR_PSEAE	31.556	117	2.76e-32
A0A009HL96	sp|A6WZ81|CTRA_BRUA4	33.190	116	8.97e-32
A0A009HL96	sp|Q5HPC3|ARLR_STAEQ	36.771	114	4.10e-31
A0A009HL96	sp|Q99RR6|HSSR_STAAM	31.278	114	9.65e-31
A0A009HL96	sp|P0A4H8|CIAR_STRR6	31.858	108	1.16e-28
A0A009HL96	sp|P0CAW8|CTRA_CAUVC	31.441	106	5.52e-28
A0A009HL96	sp|Q9KM23|VXRB_VIBCH	32.743	103	1.20e-26
A0A009HL96	sp|P9WGM1|PRRA_MYCTU	30.660	100	8.40e-26
A0A009HL96	sp|Q9AE24|RPRY_BACFR	27.632	100	1.42e-25
A0A009HL96	sp|Q8CQ37|GRAR_STAES	27.928	99.4	3.40e-25
A0A009HL96	sp|Q55890|RPAA_SYNY3	29.694	97.8	1.97e-24
A0A009HL96	sp|E1WA34|TCTD_SALTS	29.870	95.1	1.14e-23
A0A009HL96	sp|P33112|SPAR_BACIU	30.837	91.7	2.14e-22
A0A009HL96	sp|Q5HI09|GRAR_STAAC	26.126	89.4	1.65e-21
A0A009HL96	sp|Q99VW2|GRAR_STAAN	26.126	88.6	3.48e-21
A0A009HL96	sp|Q1XDE4|YCF29_PYRYE	30.872	77.8	3.11e-17
A0A009HL96	sp|P55701|Y4XI_SINFN	24.091	71.2	8.97e-15
A0A009HL96	sp|Q06065|ATOC_ECOLI	35.652	72.8	1.21e-14
A0A009HL96	sp|Q9ZM64|CHEY1_HELPJ	32.203	62.8	1.80e-12
A0A009HL96	sp|A1W0A5|CHEY_CAMJJ	31.356	61.6	5.60e-12
A0A009HL96	sp|Q6H468|ORR11_ORYSJ	30.275	60.1	2.56e-11
A0A009HL96	sp|Q8D5Z6|LUXQ_VIBVU	34.579	61.2	1.28e-10
A0A009HL96	sp|P28787|NTRC_PROHU	30.714	59.7	3.49e-10
A0A009HL96	sp|P58253|SP0A_CLOAB	33.058	58.2	7.13e-10
A0A009HL96	sp|Q92HC2|NTRXL_RICCN	31.193	57.8	1.54e-09
A0A009HL96	sp|P96686|YDFI_BACSU	31.034	56.2	2.01e-09
A0A009HL96	sp|Q9KM66|CQSS_VIBCH	29.412	57.0	3.56e-09
A0A009HL96	sp|A9MBQ2|DIVK_BRUC2	27.966	52.8	7.22e-09
A0A009HL96	sp|A5VUU3|DIVK_BRUO2	27.966	52.8	7.22e-09
A0A009HL96	sp|Q0AYL3|CHEB1_SYNWW	30.070	55.1	1.01e-08
A0A009HL96	sp|Q9HV27|CDPD2_PSEAE	30.508	53.5	3.88e-08
A0A009HL96	sp|P26319|FIMZ_SALTY	29.474	52.0	5.04e-08
A0A009HL96	sp|Q65JK6|CHEB_BACLD	35.577	52.0	1.20e-07
A0A009HL96	sp|Q8DVB7|LYTR_STRMU	28.662	51.2	1.26e-07
A0A009HL96	sp|Q12YX1|CHEB_METBU	32.500	51.2	1.98e-07
A0A009HL96	sp|P62598|ARR12_ARATH	27.344	50.1	6.97e-07
A0A009HL96	sp|Q2KCH7|CHEY_RHIEC	23.932	45.8	2.93e-06
A0A009HL96	sp|A2X1N2|ORR24_ORYSI	28.205	47.8	3.18e-06
A0A009HL96	sp|O24864|CHEV1_HELPY	26.190	47.4	3.63e-06
A0A009HL96	sp|Q56128|RCSC_SALTI	28.972	46.6	8.32e-06
A0A009HLV9	sp|P28787|NTRC_PROHU	62.527	596	0.0
A0A009HLV9	sp|Q06065|ATOC_ECOLI	41.336	347	2.67e-115
A0A009HLV9	sp|P23747|ALGB_PSEAE	40.000	259	2.56e-81
A0A009HLV9	sp|Q43965|MOPR_ACIGI	38.440	241	2.81e-73
A0A009HLV9	sp|P71229|HYFR_ECOLI	38.606	244	3.61e-73
A0A009HLV9	sp|Q92HC2|NTRXL_RICCN	30.957	235	8.80e-72
A0A009HLV9	sp|O87455|LUXO_VIBC3	39.560	232	4.48e-70
A0A009HLV9	sp|B4T3B0|NORR_SALNS	38.398	228	1.30e-68
A0A009HLV9	sp|A4STH5|NORR_AERS4	39.412	226	3.67e-68
A0A009HLV9	sp|B4TT16|NORR_SALSV	38.122	225	1.12e-67
A0A009HLV9	sp|Q3K999|SFNR_PSEPF	37.681	220	3.64e-67
A0A009HLV9	sp|B6I695|NORR_ECOSE	40.984	221	5.48e-66
A0A009HLV9	sp|Q0TEH1|NORR_ECOL5	40.656	220	8.42e-66
A0A009HLV9	sp|A8A3I6|NORR_ECOHS	38.244	219	1.53e-65
A0A009HLV9	sp|B7N6T9|NORR_ECOLU	45.455	219	1.60e-65
A0A009HLV9	sp|P59402|NORR_SHIFL	40.328	217	1.03e-64
A0A009HLV9	sp|Q9K4U8|NORR2_CUPNH	41.489	213	7.49e-63
A0A009HLV9	sp|Q5E3W8|NORR_ALIF1	44.118	211	2.25e-62
A0A009HLV9	sp|P36219|WTSA_PANSE	40.865	165	5.27e-47
A0A009HLV9	sp|P37931|HRPS_PSESY	41.627	162	6.55e-46
A0A009HLV9	sp|P37930|HRPR_PSESY	38.605	155	2.15e-43
A0A009HLV9	sp|P45512|DHAR_CITFR	30.530	122	1.27e-29
A0A009HLV9	sp|E1WA34|TCTD_SALTS	33.913	69.3	2.60e-13
A0A009HLV9	sp|P9WGM1|PRRA_MYCTU	31.148	68.6	6.32e-13
A0A009HLV9	sp|Q1XDE4|YCF29_PYRYE	27.841	66.2	3.11e-12
A0A009HLV9	sp|P0AA17|OMPR_ECOL6	26.744	65.5	7.64e-12
A0A009HLV9	sp|A0A0H3NGY1|OMPR_SALTS	26.744	65.5	7.64e-12
A0A009HLV9	sp|P0C000|ARLR_STAAM	36.275	63.9	1.64e-11
A0A009HLV9	sp|Q2FH23|ARLR_STAA3	36.275	63.9	1.64e-11
A0A009HLV9	sp|Q55890|RPAA_SYNY3	29.204	61.2	1.70e-10
A0A009HLV9	sp|P28257|YCF27_GALSU	27.027	61.2	2.62e-10
A0A009HLV9	sp|P0CAW8|CTRA_CAUVC	28.814	59.7	5.23e-10
A0A009HLV9	sp|P62598|ARR12_ARATH	36.842	59.3	3.71e-09
A0A009HLV9	sp|Q52990|PHOB_RHIME	30.392	55.8	9.57e-09
A0A009HLV9	sp|Q99RR6|HSSR_STAAM	30.612	54.7	2.22e-08
A0A009HLV9	sp|P45189|PHOB_HAEIN	29.245	54.7	2.61e-08
A0A009HLV9	sp|A0A0H2UQ68|WALR_STRPN	27.419	54.3	4.14e-08
A0A009HLV9	sp|Q9AE24|RPRY_BACFR	23.656	53.1	9.28e-08
A0A009HLV9	sp|Q0AYL3|CHEB1_SYNWW	40.278	53.9	1.00e-07
A0A009HLV9	sp|P33112|SPAR_BACIU	34.940	51.6	2.54e-07
A0A009HLV9	sp|A6UEL7|ACTR_SINMW	27.000	51.2	2.65e-07
A0A009HLV9	sp|A6WZ81|CTRA_BRUA4	29.661	51.6	2.73e-07
A0A009HLV9	sp|Q52376|GACA_PSEU2	31.532	51.2	3.77e-07
A0A009HLV9	sp|Q9ZWS7|ARR7_ARATH	29.197	50.4	5.27e-07
A0A009HLV9	sp|P23620|PHOB_PSEAE	26.733	50.8	5.54e-07
A0A009HLV9	sp|Q9ZM64|CHEY1_HELPJ	30.208	48.5	6.15e-07
A0A009HLV9	sp|A2X1N2|ORR24_ORYSI	31.579	51.2	1.13e-06
A0A009HLV9	sp|P55701|Y4XI_SINFN	30.435	49.7	1.28e-06
A0A009HLV9	sp|Q12IZ9|CHEB2_SHEDO	32.632	48.9	3.98e-06
A0A009HLV9	sp|Q8CQ37|GRAR_STAES	23.864	48.1	4.10e-06
A0A009HN45	sp|A7MSB2|RAPA_VIBC1	28.632	103	3.29e-22
A0A009HN45	sp|Q48LP5|RAPA_PSE14	23.843	94.7	1.72e-19
A0A009HN45	sp|A1A7A6|RAPA_ECOK1	30.928	94.4	2.23e-19
A0A009HN45	sp|A7ZW09|RAPA_ECOHS	30.928	94.4	2.29e-19
A0A009HN45	sp|A0KGL5|RAPA_AERHH	31.628	93.2	4.73e-19
A0A009HN45	sp|Q5PDF0|RAPA_SALPA	32.086	92.4	8.40e-19
A0A009HN45	sp|P41410|RAD54_SCHPO	23.979	92.0	8.53e-19
A0A009HN45	sp|B5FI41|RAPA_SALDC	32.086	92.4	8.91e-19
A0A009HN45	sp|B0BT63|RAPA_ACTPJ	31.771	92.0	1.10e-18
A0A009HN45	sp|Q9HYT6|RAPA_PSEAE	28.384	88.6	1.30e-17
A0A009HN45	sp|Q0HR19|RAPA_SHESR	30.108	88.2	1.64e-17
A0A009HN45	sp|Q0HMR2|RAPA_SHESM	30.108	88.2	1.71e-17
A0A009HN45	sp|Q3KGV8|RAPA_PSEPF	27.064	84.3	2.23e-16
A0A009HN45	sp|O42861|FFT3_SCHPO	23.518	75.5	1.39e-13
A0A009HN45	sp|P38086|RDH54_YEAST	21.308	67.0	4.90e-11
A0A009HN45	sp|F4IV45|CHR10_ARATH	26.103	65.9	1.23e-10
A0A009HN45	sp|Q95216|HLTF_RABIT	30.986	64.7	2.96e-10
A0A009HN45	sp|O16102|CHD3_DROME	35.246	62.0	1.78e-09
A0A009HN45	sp|P32863|RAD54_YEAST	24.038	56.6	8.01e-08
A0A009HN45	sp|A2XKG2|RH10_ORYSI	28.319	53.5	4.93e-07
A0A009HN45	sp|Q879Y6|RHLB_XYLFT	27.132	52.0	1.84e-06
A0A009HN45	sp|P9WH04|DEAD_MYCTO	24.260	51.6	2.07e-06
A0A009HN45	sp|Q4FZF3|DDX49_MOUSE	20.253	50.4	5.00e-06
A0A009HN45	sp|Q4I662|DBP8_GIBZE	28.070	50.4	5.23e-06
A0A009HN45	sp|Q5AJD0|DBP5_CANAL	27.778	50.1	7.45e-06
A0A009HN45	sp|Q41741|IF4A_MAIZE	26.389	49.3	9.92e-06
A0A009HN45	sp|Q40470|IF4A7_TOBAC	25.694	48.9	1.41e-05
A0A009HN45	sp|Q9UR24|RHP26_SCHPO	24.348	48.9	1.65e-05
A0A009HN45	sp|Q0DLB9|RH17_ORYSJ	26.316	48.5	2.29e-05
A0A009HN45	sp|Q6Z2Z4|IF4A3_ORYSJ	28.155	47.4	3.70e-05
A0A009HN45	sp|Q9VMX6|SMAL1_DROME	25.000	47.4	4.77e-05
A0A009HN45	sp|Q9VIF6|DDX47_DROME	23.810	47.4	4.80e-05
A0A009HN45	sp|Q6FS54|DBP3_CANGA	30.000	47.0	5.74e-05
A0A009HN45	sp|Q9NXZ2|DDX43_HUMAN	28.082	47.0	5.85e-05
A0A009HN45	sp|Q63GX5|CSHA_BACCZ	29.487	46.6	7.10e-05
A0A009HN45	sp|Q81VG0|CSHA_BACAN	29.487	46.6	7.41e-05
A0A009HN45	sp|P05807|NTP1_VACCW	24.074	46.6	9.11e-05
A0A009HN45	sp|P41377|IF4A2_ARATH	25.781	45.8	1.03e-04
A0A009HN45	sp|Q59LU0|DBP2_CANAL	26.471	45.4	1.88e-04
A0A009HN45	sp|P33906|DEAD_KLEPN	27.358	45.4	2.10e-04
A0A009HN45	sp|A7TJ36|DBP3_VANPO	29.293	44.7	3.27e-04
A0A009HN45	sp|Q9CWX9|DDX47_MOUSE	23.000	44.3	3.33e-04
A0A009HN45	sp|A6QUM7|DBP10_AJECN	30.928	44.3	4.34e-04
A0A009HN45	sp|Q5ZLN8|DDX55_CHICK	28.571	44.3	4.43e-04
A0A009HN45	sp|Q8SRB2|DBP2_ENCCU	24.419	43.9	4.91e-04
A0A009HN45	sp|Q9LU46|RH35_ARATH	28.758	43.9	5.44e-04
A0A009HN45	sp|Q6ZPL9|DDX55_MOUSE	28.972	43.9	5.47e-04
A0A009HN45	sp|P0CR01|RRP3_CRYNB	26.000	43.5	6.56e-04
A0A009HN45	sp|P0CR00|RRP3_CRYNJ	26.000	43.5	6.56e-04
A0A009HN45	sp|P0A4D7|CSHA_STRPN	27.848	43.5	6.81e-04
A0A009HQC9	sp|Q9HYT6|RAPA_PSEAE	46.362	803	0.0
A0A009HQC9	sp|Q0HR19|RAPA_SHESR	44.547	793	0.0
A0A009HQC9	sp|Q0HMR2|RAPA_SHESM	44.342	791	0.0
A0A009HQC9	sp|Q3KGV8|RAPA_PSEPF	45.350	776	0.0
A0A009HQC9	sp|Q48LP5|RAPA_PSE14	44.142	768	0.0
A0A009HQC9	sp|A0KGL5|RAPA_AERHH	45.228	766	0.0
A0A009HQC9	sp|A7ZW09|RAPA_ECOHS	42.268	756	0.0
A0A009HQC9	sp|A1A7A6|RAPA_ECOK1	42.165	756	0.0
A0A009HQC9	sp|B5FI41|RAPA_SALDC	42.268	753	0.0
A0A009HQC9	sp|Q5PDF0|RAPA_SALPA	42.268	751	0.0
A0A009HQC9	sp|A7MSB2|RAPA_VIBC1	44.043	748	0.0
A0A009HQC9	sp|B0BT63|RAPA_ACTPJ	40.441	677	0.0
A0A009HQC9	sp|O16102|CHD3_DROME	24.229	64.3	3.21e-10
A0A009HQC9	sp|P38086|RDH54_YEAST	23.368	59.7	8.46e-09
A0A009HQC9	sp|B2ZFP3|SMAL1_DANRE	22.609	57.8	3.08e-08
A0A009HQC9	sp|P41410|RAD54_SCHPO	23.952	45.4	1.98e-04
A0A009HQC9	sp|F4IV45|CHR10_ARATH	24.400	43.9	6.29e-04
A0A009HQC9	sp|Q9LU46|RH35_ARATH	24.167	43.5	7.89e-04
A0A009HQC9	sp|Q9UR24|RHP26_SCHPO	23.853	42.0	0.002
A0A009HQC9	sp|Q9UJV9|DDX41_HUMAN	26.050	41.6	0.003
A0A009HQC9	sp|P44701|SRMB_HAEIN	23.810	41.2	0.003
A0A009HQC9	sp|O42861|FFT3_SCHPO	27.368	40.8	0.005
A0A009HQC9	sp|Q750Q4|MS116_EREGS	28.261	39.7	0.012
A0A009HQC9	sp|Q4I662|DBP8_GIBZE	25.352	39.3	0.015
A0A009HQC9	sp|Q2FF45|CSHA_STAA3	24.242	38.5	0.027
A0A009HQC9	sp|Q81VG0|CSHA_BACAN	24.490	38.1	0.030
A0A009HQC9	sp|Q63GX5|CSHA_BACCZ	24.490	38.1	0.033
A0A009HQC9	sp|Q09903|DRS1_SCHPO	24.348	38.1	0.039
A0A009HQC9	sp|A2XKG2|RH10_ORYSI	23.077	37.7	0.045
A0A009HQC9	sp|A7TJS7|SPB4_VANPO	23.077	37.7	0.047
A0A009HQC9	sp|Q95216|HLTF_RABIT	24.242	37.7	0.047
A0A009HQC9	sp|A6QUM7|DBP10_AJECN	24.675	37.4	0.058
A0A009HQC9	sp|P06634|DED1_YEAST	29.730	37.0	0.067
A0A009HQC9	sp|A3QF15|HIS1_SHELP	24.444	36.6	0.072
A0A009HQC9	sp|P32863|RAD54_YEAST	22.222	37.0	0.074
A0A009HQC9	sp|P25888|RHLE_ECOLI	30.556	37.0	0.077
A0A009HQC9	sp|Q61496|DDX4_MOUSE	25.664	37.0	0.077
A0A009HQC9	sp|Q1DI07|SUB2_COCIM	24.272	36.6	0.096
A0A009HQC9	sp|Q0CMB0|ROK1_ASPTN	23.404	36.6	0.11
A0A009HQC9	sp|Q54KG1|DDX41_DICDI	24.793	36.6	0.12
A0A009HQC9	sp|Q9LIH9|RH51_ARATH	24.324	36.2	0.13
A0A009HQC9	sp|P53166|MRH4_YEAST	26.786	36.2	0.15
A0A009HQC9	sp|Q9DBN9|DDX59_MOUSE	21.739	36.2	0.15
A0A009HQC9	sp|P0CR04|ROK1_CRYNJ	28.125	35.4	0.20
A0A009HQC9	sp|Q8NJM2|DBP10_ASPFU	25.532	35.8	0.21
A0A009HQC9	sp|P15424|MS116_YEAST	27.143	35.4	0.22
A0A009HQC9	sp|P0A4D7|CSHA_STRPN	22.835	35.4	0.23
A0A009HQC9	sp|O26051|RECG_HELPY	24.691	35.4	0.25
A0A009HQC9	sp|P41377|IF4A2_ARATH	27.632	35.0	0.28
A0A009HQC9	sp|A1CTZ6|DBP10_ASPCL	25.532	35.4	0.28
A0A009HPM0	sp|Q5I0C3|MCCA_RAT	46.796	603	0.0
A0A009HPM0	sp|Q612F5|PCCA_CAEBR	40.675	473	3.29e-158
A0A009HPM0	sp|O27939|PYCA_METTH	50.452	440	1.49e-148
A0A009HPM0	sp|Q58776|CARB2_METJA	23.729	58.5	1.05e-08
A0A009HPM0	sp|P29337|BCCP_STRMU	40.909	52.8	3.40e-08
A0A009HPM0	sp|Q8REV7|PUR2_FUSNN	25.000	52.4	6.49e-07
A0A009HPM0	sp|P02904|BCCP_PROFR	36.923	48.5	8.44e-07
A0A009HPM0	sp|A5G8J7|DDL_GEOUR	25.352	48.1	1.01e-05
A0A009HPM0	sp|Q47AA6|DDL_DECAR	25.688	46.2	3.87e-05
A0A009HPM0	sp|A0QUZ7|DDL_MYCS2	26.939	45.8	6.23e-05
A0A009HPM0	sp|Q0VS00|DDL_ALCBS	25.668	45.1	9.36e-05
A0A009HPM0	sp|Q83I36|DDL_TROW8	30.612	45.1	9.90e-05
A0A009HPM0	sp|Q07YK6|PURT_SHEFN	26.891	45.1	1.20e-04
A0A009HPM0	sp|P13258|CARB_METBA	24.893	44.7	1.61e-04
A0A009HPM0	sp|C4K734|DDL_HAMD5	23.039	43.9	2.50e-04
A0A009HPM0	sp|A5U6Z2|DDL_MYCTA	28.571	43.1	4.41e-04
A0A009HPM0	sp|A6LQY8|DDL_CLOB8	22.907	42.7	4.75e-04
A0A009HPM0	sp|Q0HS20|PURT_SHESR	24.481	42.7	6.07e-04
A0A009HPM0	sp|Q8EBB7|PURT_SHEON	24.481	42.7	6.45e-04
A0A009HPM0	sp|B7GV75|DDL_ACIB3	22.831	42.4	7.49e-04
A0A009HPM0	sp|B1YSS6|DDL_BURA4	22.768	41.6	0.001
A0A009HPM0	sp|A2RDW0|DDL_STRPG	24.324	41.6	0.002
A0A009HPM0	sp|Q83MF7|DDLB_SHIFL	25.000	41.2	0.002
A0A009HPM0	sp|A5CW55|DDL_VESOH	24.138	40.4	0.003
A0A009HPM0	sp|Q8FKE3|DDLA_ECOL6	21.970	40.8	0.003
A0A009HPM0	sp|B4RQC3|DDL_NEIG2	23.214	40.4	0.003
A0A009HPM0	sp|Q9Z701|MUDD_CHLPN	20.388	39.7	0.007
A0A009HPM0	sp|A7FM64|DDL_YERP3	23.243	38.9	0.008
A0A009HPM0	sp|Q1C216|DDL_YERPA	23.243	38.9	0.008
A0A009HPM0	sp|A6Q6M8|DDL_SULNB	28.058	38.9	0.009
A0A009HPM0	sp|C4ZSG2|MDTA_ECOBW	50.000	38.9	0.010
A0A009HPM0	sp|P76397|MDTA_ECOLI	50.000	38.9	0.010
A0A009HPM0	sp|Q04P21|PURT_LEPBJ	22.951	38.9	0.010
A0A009HPM0	sp|Q1C8V8|PURT_YERPA	25.481	38.9	0.011
A0A009HPM0	sp|P10802|ODP2_AZOVI	29.508	38.9	0.014
A0A009HPM0	sp|Q8G5B0|PURT_BIFLO	25.414	38.5	0.014
A0A009HPM0	sp|B7NQB2|MDTA_ECO7I	50.000	38.5	0.016
A0A009HPM0	sp|B7LV38|MDTA_ESCF3	50.000	38.1	0.017
A0A009HPM0	sp|B1LNW7|MDTA_ECOSM	50.000	38.1	0.017
A0A009HPM0	sp|B7M457|MDTA_ECO8A	50.000	38.1	0.018
A0A009HPM0	sp|Q5NI96|DDL_FRATT	26.027	37.7	0.021
A0A009HPM0	sp|A8GW96|DDL_RICB8	28.105	37.7	0.022
A0A009HPM0	sp|Q8TWG3|PUR2_METKA	30.851	37.4	0.033
A0A009HPM0	sp|A0M4U5|DDL_CHRFK	24.375	37.0	0.034
A0A009HPM0	sp|A1V2C2|PURT_BURMS	21.714	37.4	0.036
A0A009HPM0	sp|A6UUH1|PURT_META3	28.108	37.0	0.045
A0A009HPM0	sp|A4QHG1|PURT_CORGB	24.064	37.0	0.045
A0A009HPM0	sp|A1AX29|DDL_RUTMC	23.370	36.6	0.050
A0A009HPM0	sp|Q9K0Y0|DDL_NEIMB	37.255	36.6	0.050
A0A009HPM0	sp|Q31AM1|PURT_PROM9	31.667	36.6	0.051
A0A009IB02	sp|P10802|ODP2_AZOVI	45.821	445	1.03e-148
A0A009IB02	sp|P11961|ODP2_GEOSE	33.030	202	3.59e-58
A0A009IB02	sp|Q68XI8|ODO2_RICTY	28.276	151	5.54e-40
A0A009IB02	sp|P22439|ODPX_BOVIN	25.490	94.0	5.21e-20
A0A009IB02	sp|Q9SQI8|ODP24_ARATH	28.803	85.9	1.73e-17
A0A009IB02	sp|P29337|BCCP_STRMU	41.379	45.8	8.93e-06
A0A009IB02	sp|Q06881|BCCP_NOSS1	31.897	41.6	5.25e-04
A0A009IB02	sp|P31051|ODO2_PSEPU	46.154	38.5	6.60e-04
A0A009IB02	sp|P02904|BCCP_PROFR	39.655	38.5	0.003
A0A009IB02	sp|P43874|BCCP_HAEIN	41.379	38.1	0.006
A0A009IB02	sp|P0ABE1|BCCP_SHIFL	36.207	36.6	0.020
A0A009IB02	sp|Q5I0C3|MCCA_RAT	26.230	35.4	0.16
A0A009IB02	sp|A3QAD3|ORN_SHELP	35.088	33.9	0.24
A0A009IB02	sp|B7NQB2|MDTA_ECO7I	54.545	34.7	0.26
A0A009IB02	sp|B1LNW7|MDTA_ECOSM	54.545	34.3	0.27
A0A009IB02	sp|B7M457|MDTA_ECO8A	54.545	34.3	0.28
A0A009IB02	sp|B7LV38|MDTA_ESCF3	54.545	34.3	0.28
A0A009IB02	sp|C4ZSG2|MDTA_ECOBW	54.545	33.5	0.49
A0A009IB02	sp|P76397|MDTA_ECOLI	54.545	33.5	0.49
A0A009IB02	sp|P61651|ORN_MYCPA	23.423	32.3	0.75
A0A009IB02	sp|C3LSR4|RF3_VIBCM	23.729	32.7	1.0
A0A009IB02	sp|Q1GBK7|RL24_LACDA	34.091	30.0	1.1
A0A009IB02	sp|Q5LAB1|LEUC_BACFN	28.155	32.0	1.6
A0A009IB02	sp|Q491Y3|TPIS_BLOPB	28.000	31.6	1.8
A0A009IB02	sp|Q88F89|PVDR_PSEPK	22.754	31.6	2.1
A0A009IB02	sp|Q612F5|PCCA_CAEBR	32.203	31.6	2.3
A0A009IB02	sp|Q1CK59|MDTA_YERPN	51.515	31.2	2.5
A0A009IB02	sp|A1JKX1|MDTA_YERE8	51.515	31.2	2.7
A0A009IB02	sp|O48395|GP39_BPSP1	30.263	30.8	2.9
A0A009IB02	sp|Q8GT66|TIC40_PEA	42.857	30.4	4.6
A0A009IB02	sp|B2VIF2|MAO1_ERWT9	30.357	30.4	5.5
A0A009IB02	sp|C0RFF1|LEUC_BRUMB	33.929	30.4	5.7
A0A009IB02	sp|A4YHQ9|SLAB_METS5	32.143	30.0	6.4
A0A009IB02	sp|Q0HMJ1|Y646_SHESM	31.250	28.9	7.4
A0A009IB02	sp|C4L6J6|PNP_EXISA	28.916	30.0	8.1
A0A009IB02	sp|Q97EE1|LEUD_CLOAB	26.357	28.9	8.1
A0A009IB02	sp|Q8LGI3|ARC2A_ARATH	30.380	29.6	8.4
A0A009IB02	sp|A0LIL8|RL17_SYNFM	48.148	28.9	8.8
A0A009IB02	sp|Q3IMM5|IF2G_NATPD	32.500	29.6	9.1
A0A009IB02	sp|P45762|GSPK_ECOLI	43.478	29.3	9.5
A0A009IB02	sp|A4W5Q6|ORN_ENT38	36.585	28.9	10
A0A009IB02	sp|A9MR05|MAO1_SALAR	30.357	29.3	12
A0A009IB02	sp|Q2G222|Y2979_STAA8	21.875	29.3	12
A0A009IB02	sp|A5I557|VATA_CLOBH	25.434	29.3	13
A0A009IB02	sp|A7MZ48|ORN_VIBC1	31.579	28.5	13
A0A009IB02	sp|B5F5W5|MAO1_SALA4	30.357	29.3	13
A0A009IB02	sp|A1BDF1|IF2_CHLPD	42.308	29.3	13
A0A009IB02	sp|Q9NXF7|DCA16_HUMAN	34.043	28.5	14
A0A009IB02	sp|Q6G463|PYRE_BARHE	32.673	28.5	14
A0A009IB02	sp|B1JKI2|AAEA_YERPY	21.023	28.9	15
A0A010Q3W2	sp|O82266|SWA1_ARATH	26.742	162	1.28e-43
A0A010Q3W2	sp|Q7T0P4|POC1A_XENLA	32.353	103	9.27e-24
A0A010Q3W2	sp|P38129|TAF5_YEAST	31.579	90.5	6.54e-19
A0A010Q3W2	sp|Q5RE95|WDR5B_PONAB	33.333	86.7	1.94e-18
A0A010Q3W2	sp|D3ZW91|POC1B_RAT	28.922	87.8	2.45e-18
A0A010Q3W2	sp|Q6P2Y2|DAW1_XENTR	26.147	83.6	4.61e-17
A0A010Q3W2	sp|Q2KIG2|WDR5_BOVIN	27.179	82.4	6.26e-17
A0A010Q3W2	sp|D3Z7A5|DAW1_MOUSE	26.389	79.7	7.62e-16
A0A010Q3W2	sp|Q8HXX0|LIS1_MACFA	28.436	76.6	7.88e-15
A0A010Q3W2	sp|Q9PTR5|LIS1_CHICK	28.910	76.6	8.31e-15
A0A010Q3W2	sp|P43034|LIS1_HUMAN	27.962	75.9	1.46e-14
A0A010Q3W2	sp|P63004|LIS1_RAT	27.962	75.9	1.56e-14
A0A010Q3W2	sp|Q4R8E7|DAW1_MACFA	24.074	69.7	1.39e-12
A0A010Q3W2	sp|B4J8H6|WDR48_DROGR	25.758	68.2	6.48e-12
A0A010Q3W2	sp|A0A1P8AW69|KTN81_ARATH	22.707	67.4	1.44e-11
A0A010Q3W2	sp|Q8VYZ5|PWP2_ARATH	26.396	67.4	1.47e-11
A0A010Q3W2	sp|B8AP31|GBB_ORYSI	28.977	65.9	2.44e-11
A0A010Q3W2	sp|Q5VQ78|COB21_ORYSJ	25.668	65.9	4.47e-11
A0A010Q3W2	sp|P87053|POF1_SCHPO	29.932	64.7	9.42e-11
A0A010Q3W2	sp|P0CS42|LIS1_CRYNJ	26.923	63.2	1.92e-10
A0A010Q3W2	sp|B4GIJ0|WDR48_DROPE	24.621	63.2	3.10e-10
A0A010Q3W2	sp|Q7RY68|PFS2_NEUCR	25.641	62.8	3.27e-10
A0A010Q3W2	sp|P41811|COPB2_YEAST	24.034	62.0	6.75e-10
A0A010Q3W2	sp|P93107|PF20_CHLRE	27.358	60.5	1.98e-09
A0A010Q3W2	sp|G5EEG7|SMU1_CAEEL	23.721	60.1	2.40e-09
A0A010Q3W2	sp|Q9WUC8|PLRG1_RAT	21.030	59.3	4.04e-09
A0A010Q3W2	sp|Q6CKE8|PRP46_KLULA	27.559	58.5	5.91e-09
A0A010Q3W2	sp|Q7KNS3|LIS1_DROME	24.880	58.2	6.08e-09
A0A010Q3W2	sp|B4HSL3|LIS1_DROSE	24.880	58.2	6.08e-09
A0A010Q3W2	sp|O43660|PLRG1_HUMAN	20.979	57.4	1.45e-08
A0A010Q3W2	sp|D1ZEM6|LIS12_SORMK	30.405	57.0	1.91e-08
A0A010Q3W2	sp|C1GB49|LIS1_PARBD	28.571	56.6	2.47e-08
A0A010Q3W2	sp|P54313|GBB2_RAT	25.166	55.8	2.68e-08
A0A010Q3W2	sp|Q8TEB1|DCA11_HUMAN	20.988	56.6	2.71e-08
A0A010Q3W2	sp|P41318|LST8_YEAST	26.667	55.1	3.83e-08
A0A010Q3W2	sp|Q9HAV0|GBB4_HUMAN	21.691	54.7	6.95e-08
A0A010Q3W2	sp|Q4R4I8|COPB2_MACFA	36.232	55.1	9.58e-08
A0A010Q3W2	sp|G1SJB4|RACK1_RABIT	28.378	53.1	1.99e-07
A0A010Q3W2	sp|Q9ERG2|STRN3_MOUSE	24.873	53.9	2.12e-07
A0A010Q3W2	sp|Q9NRL3|STRN4_HUMAN	28.272	53.1	3.93e-07
A0A010Q3W2	sp|Q6C709|PRP46_YARLI	23.196	52.4	4.39e-07
A0A010Q3W2	sp|O74845|HIF2_SCHPO	24.454	52.4	6.03e-07
A0A010Q3W2	sp|Q9NYS7|WSB2_HUMAN	25.200	51.6	8.66e-07
A0A010Q3W2	sp|O42478|TLE4_XENLA	23.445	52.0	8.92e-07
A0A010Q3W2	sp|Q8BH57|WDR48_MOUSE	22.305	51.6	1.12e-06
A0A010Q3W2	sp|O22785|PR19B_ARATH	29.670	51.2	1.22e-06
A0A010Q3W2	sp|Q59WJ4|PFS2_CANAL	31.313	51.2	1.47e-06
A0A010Q3W2	sp|P36037|DOA1_YEAST	30.097	50.8	1.95e-06
A0A010Q3W2	sp|A8XSW2|WDR48_CAEBR	23.377	50.8	2.08e-06
A0A010Q3W2	sp|Q5B563|SEC13_EMENI	30.508	49.7	2.37e-06
A0A010Q8R4	sp|O74845|HIF2_SCHPO	23.372	55.8	8.54e-08
A0A010Q8R4	sp|B3H5K9|NEDD1_ARATH	28.571	44.7	2.37e-04
A0A010Q8R4	sp|Q6CXX3|HIR1_KLULA	25.397	40.4	0.005
A0A010Q8R4	sp|A1CJY4|EIF3I_ASPCL	26.613	38.1	0.023
A0A010Q8R4	sp|B0R0D7|COR1C_DANRE	20.382	38.1	0.026
A0A010Q8R4	sp|A0A1P8AW69|KTN81_ARATH	28.571	37.7	0.037
A0A010Q8R4	sp|D3ZW91|POC1B_RAT	23.596	37.4	0.044
A0A010Q8R4	sp|O35828|CORO7_RAT	28.571	36.2	0.12
A0A010Q8R4	sp|P0CS37|HAT2_CRYNB	23.932	35.4	0.16
A0A010Q8R4	sp|Q5ZMV9|WDR24_CHICK	23.881	34.7	0.29
A0A010Q8R4	sp|P54313|GBB2_RAT	26.126	34.3	0.31
A0A010Q8R4	sp|G5EEG7|SMU1_CAEEL	27.273	34.3	0.34
A0A010Q8R4	sp|Q8C6G8|WDR26_MOUSE	27.160	34.3	0.36
A0A010Q8R4	sp|Q2KIG2|WDR5_BOVIN	25.620	33.9	0.41
A0A010Q8R4	sp|Q75C26|CIAO1_EREGS	25.000	33.9	0.47
A0A010Q8R4	sp|Q9HAV0|GBB4_HUMAN	25.225	33.5	0.57
A0A010Q8R4	sp|Q9VBC4|WDR20_DROME	22.378	33.9	0.64
A0A010Q8R4	sp|Q8CFJ9|WDR24_MOUSE	24.051	33.5	0.67
A0A010Q8R4	sp|Q4P553|HAT2_MYCMD	23.490	33.5	0.69
A0A010Q8R4	sp|Q5VQ78|COB21_ORYSJ	32.000	33.5	0.73
A0A010Q8R4	sp|Q5ZJH5|SKI8_CHICK	33.333	33.1	0.76
A0A010Q8R4	sp|Q7KNS3|LIS1_DROME	23.077	33.1	0.77
A0A010Q8R4	sp|B4HSL3|LIS1_DROSE	23.077	33.1	0.77
A0A010Q8R4	sp|Q4V7A0|SKI8_RAT	37.143	33.1	0.78
A0A010Q8R4	sp|Q8AVS9|DCA10_XENLA	21.053	32.7	1.0
A0A010Q8R4	sp|Q11176|WDR1_CAEEL	23.276	32.7	1.1
A0A010Q8R4	sp|Q4FS54|ILVD_PSYA2	27.586	32.7	1.1
A0A010Q8R4	sp|Q7ZTY4|RBBP7_DANRE	24.675	32.3	1.3
A0A010Q8R4	sp|Q9WUC8|PLRG1_RAT	26.667	32.3	1.6
A0A010Q8R4	sp|Q9SU78|MSI5_ARATH	26.389	32.3	1.6
A0A010Q8R4	sp|Q9Z2K5|LST8_RAT	27.941	32.0	1.7
A0A010Q8R4	sp|P0CS42|LIS1_CRYNJ	21.739	32.0	1.8
A0A010Q8R4	sp|Q8BX09|RBBP5_MOUSE	21.429	32.0	1.8
A0A010Q8R4	sp|B8AP31|GBB_ORYSI	24.324	32.0	1.8
A0A010Q8R4	sp|Q8VYZ5|PWP2_ARATH	26.744	32.3	1.9
A0A010Q8R4	sp|Q8NA75|DC4L2_HUMAN	32.353	32.0	2.0
A0A010Q8R4	sp|Q6P315|RBBP7_XENTR	24.675	31.6	2.5
A0A010Q8R4	sp|P38129|TAF5_YEAST	27.826	31.6	2.6
A0A010Q8R4	sp|Q8NA23|WDR31_HUMAN	26.136	31.2	2.8
A0A010Q8R4	sp|Q9ZW21|P2C24_ARATH	25.439	31.2	2.8
A0A010Q8R4	sp|Q71UF4|RBBP7_RAT	24.675	31.2	2.9
A0A010Q8R4	sp|P41318|LST8_YEAST	24.444	30.8	3.9
A0A010Q8R4	sp|G1SJB4|RACK1_RABIT	26.016	30.8	3.9
A0A010Q8R4	sp|Q5RE95|WDR5B_PONAB	26.446	30.8	4.2
A0A010Q8R4	sp|Q5BIM8|ERCC8_BOVIN	35.135	30.8	4.4
A0A010Q8R4	sp|Q12291|BMT6_YEAST	24.370	30.4	5.1
A0A010Q8R4	sp|Q6FQU2|CMR1_CANGA	23.837	30.8	5.1
A0A010Q8R4	sp|Q6GMD2|SKI8_XENLA	37.097	30.4	5.2
A0A010Q8R4	sp|D3Z7A5|DAW1_MOUSE	26.190	30.4	5.8
A0A010Q8R4	sp|Q5R654|RBBP7_PONAB	25.641	30.4	6.0
